<profile version="1.0">
  <option name="myName" value="Default" />
  <inspection_tool class="ChainedEqualityJS" enabled="true" level="WARNING" enabled_by_default="true" />
  <inspection_tool class="ChangeToMethod" enabled="false" level="INFORMATION" enabled_by_default="false" />
  <inspection_tool class="ChangeToOperator" enabled="false" level="WEAK WARNING" enabled_by_default="false" />
  <inspection_tool class="CheckNodeTest" enabled="false" level="WARNING" enabled_by_default="false" />
  <inspection_tool class="CheckTagEmptyBody" enabled="false" level="WARNING" enabled_by_default="false" />
  <inspection_tool class="ClashingTraitMethods" enabled="false" level="WARNING" enabled_by_default="false" />
  <inspection_tool class="ComposeMissingKeys" enabled="true" level="ERROR" enabled_by_default="true" />
  <inspection_tool class="ConfusingPlusesOrMinusesJS" enabled="true" level="WARNING" enabled_by_default="true" />
  <inspection_tool class="CssInvalidAtRule" enabled="false" level="ERROR" enabled_by_default="false" />
  <inspection_tool class="CssInvalidCharsetRule" enabled="false" level="WARNING" enabled_by_default="false" />
  <inspection_tool class="CssInvalidFunction" enabled="false" level="ERROR" enabled_by_default="false" />
  <inspection_tool class="CssInvalidHtmlTagReference" enabled="false" level="WARNING" enabled_by_default="false" />
  <inspection_tool class="CssInvalidMediaFeature" enabled="false" level="ERROR" enabled_by_default="false" />
  <inspection_tool class="CssInvalidPropertyValue" enabled="false" level="ERROR" enabled_by_default="false" />
  <inspection_tool class="CssMissingSemicolon" enabled="true" level="WARNING" enabled_by_default="true" />
  <inspection_tool class="CssNoGenericFontName" enabled="false" level="WARNING" enabled_by_default="false" />
  <inspection_tool class="CssRedundantUnit" enabled="false" level="WARNING" enabled_by_default="false" />
  <inspection_tool class="CssReplaceWithShorthandSafely" enabled="false" level="WEAK WARNING" enabled_by_default="false" />
  <inspection_tool class="CssReplaceWithShorthandUnsafely" enabled="false" level="INFORMATION" enabled_by_default="false" />
  <inspection_tool class="CssUnknownProperty" enabled="false" level="WARNING" enabled_by_default="false">
    <option name="myCustomPropertiesEnabled" value="false" />
    <option name="myIgnoreVendorSpecificProperties" value="false" />
    <option name="myCustomPropertiesList">
      <value>
        <list size="0" />
      </value>
    </option>
  </inspection_tool>
  <inspection_tool class="CssUnknownTarget" enabled="false" level="ERROR" enabled_by_default="false" />
  <inspection_tool class="CssUnresolvedClassInComposesRule" enabled="false" level="ERROR" enabled_by_default="false" />
  <inspection_tool class="CssUnresolvedCustomProperty" enabled="false" level="ERROR" enabled_by_default="false" />
  <inspection_tool class="CucumberExamplesColon" enabled="false" level="ERROR" enabled_by_default="false" />
  <inspection_tool class="CucumberJavaStepDefClassInDefaultPackage" enabled="false" level="WARNING" enabled_by_default="false" />
  <inspection_tool class="CucumberJavaStepDefClassIsPublic" enabled="false" level="WARNING" enabled_by_default="false" />
  <inspection_tool class="CucumberMissedExamples" enabled="false" level="ERROR" enabled_by_default="false" />
  <inspection_tool class="CucumberTableInspection" enabled="false" level="WARNING" enabled_by_default="false" />
  <inspection_tool class="CucumberUndefinedStep" enabled="false" level="WARNING" enabled_by_default="false" />
  <inspection_tool class="CyclomaticComplexityJS" enabled="true" level="WARNING" enabled_by_default="true">
    <option name="m_limit" value="20" />
  </inspection_tool>
  <inspection_tool class="DelegatesTo" enabled="false" level="WARNING" enabled_by_default="false" />
  <inspection_tool class="DuplicatedCode" enabled="false" level="WEAK WARNING" enabled_by_default="false">
    <Languages>
      <language minSize="30" name="HTML" />
      <language minSize="50" isEnabled="false" name="Style Sheets" />
      <language minSize="100" isEnabled="false" name="Java" />
      <language minSize="50" isEnabled="false" name="Groovy" />
      <language minSize="100" isEnabled="false" name="JavaScript" />
      <language minSize="100" isEnabled="false" name="TypeScript" />
      <language minSize="100" isEnabled="false" name="ActionScript" />
      <language minSize="100" isEnabled="false" name="Rust" />
    </Languages>
  </inspection_tool>
  <inspection_tool class="ELDeferredExpressionsInspection" enabled="false" level="WARNING" enabled_by_default="false" />
  <inspection_tool class="ELMethodSignatureInspection" enabled="false" level="WARNING" enabled_by_default="false" />
  <inspection_tool class="ELSpecValidationInJSP" enabled="false" level="WARNING" enabled_by_default="false" />
  <inspection_tool class="ELValidationInspection" enabled="false" level="WARNING" enabled_by_default="false" />
  <inspection_tool class="ES6ConvertIndexedForToForOf" enabled="false" level="INFORMATION" enabled_by_default="false" />
  <inspection_tool class="ES6ConvertModuleExportToExport" enabled="false" level="INFORMATION" enabled_by_default="false" />
  <inspection_tool class="ES6ConvertRequireIntoImport" enabled="false" level="INFORMATION" enabled_by_default="false" />
  <inspection_tool class="ES6ConvertToForOf" enabled="false" level="INFORMATION" enabled_by_default="false" />
  <inspection_tool class="ES6MissingAwait" enabled="false" level="WEAK WARNING" enabled_by_default="false" />
  <inspection_tool class="ES6TopLevelAwaitExpression" enabled="true" level="WEAK WARNING" enabled_by_default="true" />
  <inspection_tool class="EditorConfigCharClassLetterRedundancy" enabled="false" level="WARNING" enabled_by_default="false" />
  <inspection_tool class="EditorConfigCharClassRedundancy" enabled="false" level="WARNING" enabled_by_default="false" />
  <inspection_tool class="EditorConfigDeprecatedDescriptor" enabled="false" level="WARNING" enabled_by_default="false" />
  <inspection_tool class="EditorConfigEmptyHeader" enabled="false" level="ERROR" enabled_by_default="false" />
  <inspection_tool class="EditorConfigEmptySection" enabled="false" level="WARNING" enabled_by_default="false" />
  <inspection_tool class="EditorConfigHeaderUniqueness" enabled="false" level="WARNING" enabled_by_default="false" />
  <inspection_tool class="EditorConfigKeyCorrectness" enabled="false" level="WARNING" enabled_by_default="false" />
  <inspection_tool class="EditorConfigListAcceptability" enabled="false" level="ERROR" enabled_by_default="false" />
  <inspection_tool class="EditorConfigMissingRequiredDeclaration" enabled="false" level="ERROR" enabled_by_default="false" />
  <inspection_tool class="EditorConfigNoMatchingFiles" enabled="false" level="WARNING" enabled_by_default="false" />
  <inspection_tool class="EditorConfigNumerousWildcards" enabled="false" level="WEAK WARNING" enabled_by_default="false" />
  <inspection_tool class="EditorConfigOptionRedundancy" enabled="false" level="WARNING" enabled_by_default="false" />
  <inspection_tool class="EditorConfigPairAcceptability" enabled="false" level="ERROR" enabled_by_default="false" />
  <inspection_tool class="EditorConfigPartialOverride" enabled="false" level="WEAK WARNING" enabled_by_default="false" />
  <inspection_tool class="EditorConfigPatternEnumerationRedundancy" enabled="false" level="ERROR" enabled_by_default="false" />
  <inspection_tool class="EditorConfigPatternRedundancy" enabled="false" level="WARNING" enabled_by_default="false" />
  <inspection_tool class="EditorConfigReferenceCorrectness" enabled="false" level="ERROR" enabled_by_default="false" />
  <inspection_tool class="EditorConfigRootDeclarationCorrectness" enabled="false" level="ERROR" enabled_by_default="false" />
  <inspection_tool class="EditorConfigRootDeclarationUniqueness" enabled="false" level="ERROR" enabled_by_default="false" />
  <inspection_tool class="EditorConfigShadowedOption" enabled="false" level="WARNING" enabled_by_default="false" />
  <inspection_tool class="EditorConfigShadowingOption" enabled="false" level="WARNING" enabled_by_default="false" />
  <inspection_tool class="EditorConfigSpaceInHeader" enabled="false" level="WEAK WARNING" enabled_by_default="false" />
  <inspection_tool class="EditorConfigUnexpectedComma" enabled="false" level="ERROR" enabled_by_default="false" />
  <inspection_tool class="EditorConfigUnusedDeclaration" enabled="false" level="WARNING" enabled_by_default="false" />
  <inspection_tool class="EditorConfigValueCorrectness" enabled="false" level="ERROR" enabled_by_default="false" />
  <inspection_tool class="EditorConfigValueUniqueness" enabled="false" level="ERROR" enabled_by_default="false" />
  <inspection_tool class="EditorConfigWildcardRedundancy" enabled="false" level="WARNING" enabled_by_default="false" />
  <inspection_tool class="EjsUnresolvedInclude" enabled="false" level="WARNING" enabled_by_default="false" />
  <inspection_tool class="Eslint" enabled="true" level="WARNING" enabled_by_default="true" />
  <inspection_tool class="FlowJSConfig" enabled="false" level="WARNING" enabled_by_default="false" />
  <inspection_tool class="FlowJSFlagCommentPlacement" enabled="false" level="WARNING" enabled_by_default="false" />
  <inspection_tool class="FunctionELReferenceInspection" enabled="false" level="ERROR" enabled_by_default="false" />
  <inspection_tool class="GherkinBrokenTableInspection" enabled="false" level="ERROR" enabled_by_default="false" />
  <inspection_tool class="GherkinMisplacedBackground" enabled="false" level="ERROR" enabled_by_default="false" />
  <inspection_tool class="GherkinScenarioToScenarioOutline" enabled="false" level="ERROR" enabled_by_default="false" />
  <inspection_tool class="GrAnnotationReferencingUnknownIdentifiers" enabled="false" level="WARNING" enabled_by_default="false" />
  <inspection_tool class="GrDeprecatedAPIUsage" enabled="false" level="WARNING" enabled_by_default="false" />
  <inspection_tool class="GrEqualsBetweenInconvertibleTypes" enabled="false" level="WARNING" enabled_by_default="false" />
  <inspection_tool class="GrFinalVariableAccess" enabled="false" level="WARNING" enabled_by_default="false" />
  <inspection_tool class="GrMethodMayBeStatic" enabled="false" level="WARNING" enabled_by_default="false" />
  <inspection_tool class="GrNamedVariantLabels" enabled="false" level="WARNING" enabled_by_default="false" />
  <inspection_tool class="GrPOJO" enabled="false" level="WARNING" enabled_by_default="false" />
  <inspection_tool class="GrPackage" enabled="false" level="WARNING" enabled_by_default="false" />
  <inspection_tool class="GrPermitsClause" enabled="false" level="ERROR" enabled_by_default="false" />
  <inspection_tool class="GrReassignedInClosureLocalVar" enabled="false" level="WARNING" enabled_by_default="false" />
  <inspection_tool class="GrSwitchExhaustivenessCheck" enabled="false" level="WEAK WARNING" enabled_by_default="false" />
  <inspection_tool class="GrUnnecessaryAlias" enabled="false" level="WEAK WARNING" enabled_by_default="false" />
  <inspection_tool class="GrUnnecessaryDefModifier" enabled="false" level="WARNING" enabled_by_default="false" />
  <inspection_tool class="GrUnnecessaryFinalModifier" enabled="false" level="WARNING" enabled_by_default="false" />
  <inspection_tool class="GrUnnecessaryNonSealedModifier" enabled="false" level="WARNING" enabled_by_default="false" />
  <inspection_tool class="GrUnnecessaryPublicModifier" enabled="false" level="WARNING" enabled_by_default="false" />
  <inspection_tool class="GrUnnecessarySealedModifier" enabled="false" level="WARNING" enabled_by_default="false" />
  <inspection_tool class="GrUnnecessarySemicolon" enabled="false" level="WARNING" enabled_by_default="false" />
  <inspection_tool class="GrUnresolvedAccess" enabled="false" level="WEAK WARNING" enabled_by_default="false" />
  <inspection_tool class="GrazieInspection" enabled="false" level="TYPO" enabled_by_default="false" />
  <inspection_tool class="GroovyAccessToStaticFieldLockedOnInstance" enabled="false" level="WARNING" enabled_by_default="false" />
  <inspection_tool class="GroovyAccessibility" enabled="false" level="WARNING" enabled_by_default="false" />
  <inspection_tool class="GroovyAssignabilityCheck" enabled="false" level="WARNING" enabled_by_default="false" />
  <inspection_tool class="GroovyAssignmentCanBeOperatorAssignment" enabled="false" level="INFORMATION" enabled_by_default="false">
    <option name="ignoreLazyOperators" value="true" />
    <option name="ignoreObscureOperators" value="false" />
  </inspection_tool>
  <inspection_tool class="GroovyConditionalCanBeConditionalCall" enabled="false" level="INFORMATION" enabled_by_default="false" />
  <inspection_tool class="GroovyConditionalCanBeElvis" enabled="false" level="INFORMATION" enabled_by_default="false" />
  <inspection_tool class="GroovyConditionalWithIdenticalBranches" enabled="false" level="WARNING" enabled_by_default="false" />
  <inspection_tool class="GroovyConstantConditional" enabled="false" level="WARNING" enabled_by_default="false" />
  <inspection_tool class="GroovyConstantIfStatement" enabled="false" level="WARNING" enabled_by_default="false" />
  <inspection_tool class="GroovyConstructorNamedArguments" enabled="false" level="WARNING" enabled_by_default="false" />
  <inspection_tool class="GroovyDivideByZero" enabled="false" level="WARNING" enabled_by_default="false" />
  <inspection_tool class="GroovyDocCheck" enabled="false" level="ERROR" enabled_by_default="false" />
  <inspection_tool class="GroovyDoubleNegation" enabled="false" level="WARNING" enabled_by_default="false" />
  <inspection_tool class="GroovyDuplicateSwitchBranch" enabled="false" level="WARNING" enabled_by_default="false" />
  <inspection_tool class="GroovyEmptyStatementBody" enabled="false" level="WARNING" enabled_by_default="false" />
  <inspection_tool class="GroovyFallthrough" enabled="false" level="WARNING" enabled_by_default="false" />
  <inspection_tool class="GroovyGStringKey" enabled="false" level="WARNING" enabled_by_default="false" />
  <inspection_tool class="GroovyIfStatementWithIdenticalBranches" enabled="false" level="WARNING" enabled_by_default="false" />
  <inspection_tool class="GroovyImplicitNullArgumentCall" enabled="false" level="WEAK WARNING" enabled_by_default="false" />
  <inspection_tool class="GroovyInArgumentCheck" enabled="false" level="WARNING" enabled_by_default="false" />
  <inspection_tool class="GroovyInfiniteLoopStatement" enabled="false" level="WARNING" enabled_by_default="false" />
  <inspection_tool class="GroovyInfiniteRecursion" enabled="false" level="WARNING" enabled_by_default="false" />
  <inspection_tool class="GroovyLabeledStatement" enabled="false" level="WARNING" enabled_by_default="false" />
  <inspection_tool class="GroovyMissingReturnStatement" enabled="false" level="WARNING" enabled_by_default="false" />
  <inspection_tool class="GroovyPointlessBoolean" enabled="false" level="WARNING" enabled_by_default="false" />
  <inspection_tool class="GroovyResultOfObjectAllocationIgnored" enabled="false" level="WARNING" enabled_by_default="false" />
  <inspection_tool class="GroovySillyAssignment" enabled="false" level="WARNING" enabled_by_default="false" />
  <inspection_tool class="GroovySynchronizationOnNonFinalField" enabled="false" level="WARNING" enabled_by_default="false" />
  <inspection_tool class="GroovySynchronizationOnVariableInitializedWithLiteral" enabled="false" level="WARNING" enabled_by_default="false" />
  <inspection_tool class="GroovyTrivialConditional" enabled="false" level="WARNING" enabled_by_default="false" />
  <inspection_tool class="GroovyTrivialIf" enabled="false" level="WARNING" enabled_by_default="false" />
  <inspection_tool class="GroovyUncheckedAssignmentOfMemberOfRawType" enabled="false" level="WARNING" enabled_by_default="false" />
  <inspection_tool class="GroovyUnnecessaryContinue" enabled="false" level="WARNING" enabled_by_default="false" />
  <inspection_tool class="GroovyUnnecessaryReturn" enabled="false" level="WARNING" enabled_by_default="false" />
  <inspection_tool class="GroovyUnreachableStatement" enabled="false" level="WARNING" enabled_by_default="false" />
  <inspection_tool class="GroovyUnsynchronizedMethodOverridesSynchronizedMethod" enabled="false" level="WARNING" enabled_by_default="false" />
  <inspection_tool class="GroovyUnusedAssignment" enabled="false" level="WARNING" enabled_by_default="false" />
  <inspection_tool class="GroovyUnusedCatchParameter" enabled="false" level="WARNING" enabled_by_default="false" />
  <inspection_tool class="GroovyUnusedDeclaration" enabled="false" level="WARNING" enabled_by_default="false" />
  <inspection_tool class="GroovyUnusedIncOrDec" enabled="false" level="WARNING" enabled_by_default="false" />
  <inspection_tool class="GroovyVariableNotAssigned" enabled="false" level="WARNING" enabled_by_default="false" />
  <inspection_tool class="HardwiredNamespacePrefix" enabled="false" level="WARNING" enabled_by_default="false" />
  <inspection_tool class="HtmlFormInputWithoutLabel" enabled="false" level="WARNING" enabled_by_default="false" />
  <inspection_tool class="HtmlRequiredAltAttribute" enabled="false" level="WARNING" enabled_by_default="false" />
  <inspection_tool class="HtmlRequiredLangAttribute" enabled="false" level="WARNING" enabled_by_default="false" />
  <inspection_tool class="HtmlRequiredTitleElement" enabled="false" level="WARNING" enabled_by_default="false" />
  <inspection_tool class="HtmlUnknownAnchorTarget" enabled="false" level="WARNING" enabled_by_default="false" />
  <inspection_tool class="HtmlUnknownTag" enabled="true" level="INFORMATION" enabled_by_default="true">
    <scope name="Project Files" level="WARNING" enabled="true">
      <option name="myValues">
        <value>
          <list size="7">
            <item index="0" class="java.lang.String" itemvalue="nobr" />
            <item index="1" class="java.lang.String" itemvalue="noembed" />
            <item index="2" class="java.lang.String" itemvalue="comment" />
            <item index="3" class="java.lang.String" itemvalue="noscript" />
            <item index="4" class="java.lang.String" itemvalue="embed" />
            <item index="5" class="java.lang.String" itemvalue="script" />
            <item index="6" class="java.lang.String" itemvalue="ww-open-data" />
          </list>
        </value>
      </option>
      <option name="myCustomValuesEnabled" value="true" />
    </scope>
    <option name="myValues">
      <value>
        <list size="7">
          <item index="0" class="java.lang.String" itemvalue="nobr" />
          <item index="1" class="java.lang.String" itemvalue="noembed" />
          <item index="2" class="java.lang.String" itemvalue="comment" />
          <item index="3" class="java.lang.String" itemvalue="noscript" />
          <item index="4" class="java.lang.String" itemvalue="embed" />
          <item index="5" class="java.lang.String" itemvalue="script" />
          <item index="6" class="java.lang.String" itemvalue="ww-open-data" />
        </list>
      </value>
    </option>
    <option name="myCustomValuesEnabled" value="true" />
  </inspection_tool>
  <inspection_tool class="HtmlUnknownTarget" enabled="false" level="WARNING" enabled_by_default="false" />
  <inspection_tool class="HttpUrlsUsage" enabled="false" level="WEAK WARNING" enabled_by_default="false">
    <option name="ignoredUrls">
      <list>
        <option value="http://localhost" />
        <option value="http://127.0.0.1" />
        <option value="http://0.0.0.0" />
        <option value="http://www.w3.org/" />
        <option value="http://json-schema.org/draft" />
        <option value="http://java.sun.com/" />
        <option value="http://xmlns.jcp.org/" />
        <option value="http://javafx.com/javafx/" />
        <option value="http://javafx.com/fxml" />
        <option value="http://maven.apache.org/xsd/" />
        <option value="http://maven.apache.org/POM/" />
        <option value="http://www.springframework.org/schema/" />
        <option value="http://www.springframework.org/tags" />
        <option value="http://www.springframework.org/security/tags" />
        <option value="http://www.thymeleaf.org" />
        <option value="http://www.jboss.org/j2ee/schema/" />
        <option value="http://www.jboss.com/xml/ns/" />
        <option value="http://www.ibm.com/webservices/xsd" />
        <option value="http://activemq.apache.org/schema/" />
        <option value="http://schema.cloudfoundry.org/spring/" />
        <option value="http://schemas.xmlsoap.org/" />
        <option value="http://cxf.apache.org/schemas/" />
        <option value="http://primefaces.org/ui" />
        <option value="http://tiles.apache.org/" />
        <option value="http://{}" />
      </list>
    </option>
  </inspection_tool>
  <inspection_tool class="ImplicitTypeConversion" enabled="false" level="WARNING" enabled_by_default="false">
    <option name="BITS" value="1720" />
    <option name="FLAG_EXPLICIT_CONVERSION" value="true" />
    <option name="IGNORE_NODESET_TO_BOOLEAN_VIA_STRING" value="true" />
  </inspection_tool>
  <inspection_tool class="IndexZeroUsage" enabled="false" level="WARNING" enabled_by_default="false" />
  <inspection_tool class="InjectedReferences" enabled="false" level="ERROR" enabled_by_default="false" />
  <inspection_tool class="JSDeclarationsAtScopeStart" enabled="true" level="WEAK WARNING" enabled_by_default="true" />
  <inspection_tool class="JSIgnoredPromiseFromCall" enabled="false" level="WEAK WARNING" enabled_by_default="false" />
  <inspection_tool class="JSNonASCIINames" enabled="false" level="WARNING" enabled_by_default="false" />
  <inspection_tool class="JSStringConcatenationToES6Template" enabled="false" level="INFORMATION" enabled_by_default="false" />
  <inspection_tool class="JSTestFailedLine" enabled="false" level="WARNING" enabled_by_default="false" />
  <inspection_tool class="JSUnresolvedLibraryURL" enabled="false" level="WARNING" enabled_by_default="false" />
  <inspection_tool class="JSUnusedAssignment" enabled="true" level="INFORMATION" enabled_by_default="true">
    <scope name="Project Files" level="WARNING" enabled="true" />
  </inspection_tool>
  <inspection_tool class="JSUnusedGlobalSymbols" enabled="false" level="INFORMATION" enabled_by_default="false">
    <scope name="Project Files" level="WEAK WARNING" enabled="false" />
  </inspection_tool>
  <inspection_tool class="JSUnusedLocalSymbols" enabled="true" level="INFORMATION" enabled_by_default="true">
    <scope name="Project Files" level="WARNING" enabled="true" />
  </inspection_tool>
  <inspection_tool class="JavaStylePropertiesInvocation" enabled="false" level="INFORMATION" enabled_by_default="false" />
  <inspection_tool class="JsonSchemaCompliance" enabled="true" level="WEAK WARNING" enabled_by_default="true" />
  <inspection_tool class="JspAbsolutePathInspection" enabled="false" level="WARNING" enabled_by_default="false" />
  <inspection_tool class="JspDirectiveInspection" enabled="false" level="ERROR" enabled_by_default="false" />
  <inspection_tool class="JspPropertiesInspection" enabled="false" level="ERROR" enabled_by_default="false" />
  <inspection_tool class="JspTagBodyContent" enabled="false" level="WARNING" enabled_by_default="false" />
  <inspection_tool class="KarmaConfigFile" enabled="false" level="WARNING" enabled_by_default="false" />
  <inspection_tool class="LanguageDetectionInspection" enabled="false" level="WARNING" enabled_by_default="false" />
  <inspection_tool class="LossyEncoding" enabled="false" level="WARNING" enabled_by_default="false" />
  <inspection_tool class="MarkdownIncorrectTableFormatting" enabled="false" level="WEAK WARNING" enabled_by_default="false" />
  <inspection_tool class="MarkdownNoTableBorders" enabled="false" level="ERROR" enabled_by_default="false" />
  <inspection_tool class="MarkdownUnresolvedFileReference" enabled="false" level="WARNING" enabled_by_default="false" />
  <inspection_tool class="MeteorUnresolvedSymbol" enabled="false" level="WARNING" enabled_by_default="false" />
  <inspection_tool class="MongoJSDeprecationInspection" enabled="false" level="WARNING" enabled_by_default="false" />
  <inspection_tool class="MongoJSExtDeprecationInspection" enabled="false" level="WARNING" enabled_by_default="false" />
  <inspection_tool class="MongoJSExtResolveInspection" enabled="false" level="WARNING" enabled_by_default="false" />
  <inspection_tool class="MongoJSExtSideEffectsInspection" enabled="false" level="WARNING" enabled_by_default="false" />
  <inspection_tool class="MongoJSResolveInspection" enabled="false" level="WARNING" enabled_by_default="false" />
  <inspection_tool class="MongoJSSideEffectsInspection" enabled="false" level="WARNING" enabled_by_default="false" />
  <inspection_tool class="MsBuiltinInspection" enabled="false" level="WARNING" enabled_by_default="false" />
  <inspection_tool class="MsOrderByInspection" enabled="false" level="ERROR" enabled_by_default="false" />
  <inspection_tool class="MysqlLoadDataPathInspection" enabled="false" level="WARNING" enabled_by_default="false" />
  <inspection_tool class="MysqlParsingInspection" enabled="false" level="WARNING" enabled_by_default="false" />
  <inspection_tool class="NestedSwitchStatementJS" enabled="true" level="WARNING" enabled_by_default="true" />
  <inspection_tool class="NestingDepthJS" enabled="true" level="WARNING" enabled_by_default="true">
    <option name="m_limit" value="10" />
  </inspection_tool>
  <inspection_tool class="NewInstanceOfSingleton" enabled="false" level="WARNING" enabled_by_default="false" />
  <inspection_tool class="NoSqlRepositoryMethodParameters" enabled="false" level="WARNING" enabled_by_default="false" />
  <inspection_tool class="NonAsciiCharacters" enabled="false" level="WARNING" enabled_by_default="false" />
  <inspection_tool class="OCUnusedClass" enabled="false" level="WARNING" enabled_by_default="false" />
  <inspection_tool class="OCUnusedInstanceVariable" enabled="false" level="WARNING" enabled_by_default="false" />
  <inspection_tool class="OCUnusedMethod" enabled="false" level="WARNING" enabled_by_default="false" />
  <inspection_tool class="OCUnusedProperty" enabled="false" level="WARNING" enabled_by_default="false" />
  <inspection_tool class="OraMissingBodyInspection" enabled="false" level="WARNING" enabled_by_default="false" />
  <inspection_tool class="OraOverloadInspection" enabled="false" level="WARNING" enabled_by_default="false" />
  <inspection_tool class="OraUnmatchedForwardDeclarationInspection" enabled="false" level="ERROR" enabled_by_default="false" />
  <inspection_tool class="ParametersPerFunctionJS" enabled="true" level="WARNING" enabled_by_default="true">
    <option name="m_limit" value="5" />
  </inspection_tool>
  <inspection_tool class="PgSelectFromProcedureInspection" enabled="false" level="WARNING" enabled_by_default="false" />
  <inspection_tool class="PointlessBooleanExpressionJS" enabled="true" level="WEAK WARNING" enabled_by_default="true" />
  <inspection_tool class="RedundantTypeConversion" enabled="false" level="WARNING" enabled_by_default="false">
    <option name="CHECK_ANY" value="false" />
  </inspection_tool>
  <inspection_tool class="ReferencesToClassesFromDefaultPackagesInJSPFile" enabled="false" level="ERROR" enabled_by_default="false" />
  <inspection_tool class="SassScssResolvedByNameOnly" enabled="true" level="ERROR" enabled_by_default="true" />
  <inspection_tool class="SassScssUnresolvedMixin" enabled="true" level="ERROR" enabled_by_default="true" />
  <inspection_tool class="SassScssUnresolvedPlaceholderSelector" enabled="true" level="ERROR" enabled_by_default="true" />
  <inspection_tool class="SassScssUnresolvedVariable" enabled="true" level="ERROR" enabled_by_default="true" />
  <inspection_tool class="SecondUnsafeCall" enabled="false" level="WARNING" enabled_by_default="false" />
  <inspection_tool class="SelfIncludingJspFiles" enabled="false" level="ERROR" enabled_by_default="false" />
  <inspection_tool class="SingletonConstructor" enabled="false" level="ERROR" enabled_by_default="false" />
  <inspection_tool class="SqlAddNotNullColumnInspection" enabled="false" level="WARNING" enabled_by_default="false" />
  <inspection_tool class="SqlAggregatesInspection" enabled="false" level="WARNING" enabled_by_default="false" />
  <inspection_tool class="SqlAmbiguousColumnInspection" enabled="false" level="WARNING" enabled_by_default="false" />
  <inspection_tool class="SqlAutoIncrementDuplicateInspection" enabled="false" level="WARNING" enabled_by_default="false" />
  <inspection_tool class="SqlCallNotationInspection" enabled="false" level="ERROR" enabled_by_default="false" />
  <inspection_tool class="SqlCaseVsCoalesceInspection" enabled="false" level="WARNING" enabled_by_default="false" />
  <inspection_tool class="SqlCaseVsIfInspection" enabled="false" level="WARNING" enabled_by_default="false" />
  <inspection_tool class="SqlCheckUsingColumnsInspection" enabled="false" level="WARNING" enabled_by_default="false" />
  <inspection_tool class="SqlConstantConditionInspection" enabled="false" level="WARNING" enabled_by_default="false" />
  <inspection_tool class="SqlConstantExpressionInspection" enabled="false" level="WARNING" enabled_by_default="false" />
  <inspection_tool class="SqlCurrentSchemaInspection" enabled="false" level="WARNING" enabled_by_default="false" />
  <inspection_tool class="SqlDeprecateTypeInspection" enabled="false" level="WARNING" enabled_by_default="false" />
  <inspection_tool class="SqlDerivedTableAliasInspection" enabled="false" level="WARNING" enabled_by_default="false" />
  <inspection_tool class="SqlDialectInspection" enabled="false" level="WARNING" enabled_by_default="false" />
  <inspection_tool class="SqlDropIndexedColumnInspection" enabled="false" level="WARNING" enabled_by_default="false" />
  <inspection_tool class="SqlDtInspection" enabled="false" level="WARNING" enabled_by_default="false" />
  <inspection_tool class="SqlDuplicateColumnInspection" enabled="false" level="WARNING" enabled_by_default="false" />
  <inspection_tool class="SqlIdentifierInspection" enabled="false" level="WARNING" enabled_by_default="false" />
  <inspection_tool class="SqlIllegalCursorStateInspection" enabled="false" level="WARNING" enabled_by_default="false" />
  <inspection_tool class="SqlInsertIntoGeneratedColumnInspection" enabled="false" level="WARNING" enabled_by_default="false" />
  <inspection_tool class="SqlInsertNullIntoNotNullInspection" enabled="false" level="WARNING" enabled_by_default="false" />
  <inspection_tool class="SqlInsertValuesInspection" enabled="false" level="WARNING" enabled_by_default="false" />
  <inspection_tool class="SqlJoinWithoutOnInspection" enabled="false" level="WARNING" enabled_by_default="false" />
  <inspection_tool class="SqlMisleadingReferenceInspection" enabled="false" level="WARNING" enabled_by_default="false" />
  <inspection_tool class="SqlMissingReturnInspection" enabled="false" level="ERROR" enabled_by_default="false" />
  <inspection_tool class="SqlMultipleLimitClausesInspection" enabled="false" level="WARNING" enabled_by_default="false" />
  <inspection_tool class="SqlNoDataSourceInspection" enabled="false" level="WARNING" enabled_by_default="false" />
  <inspection_tool class="SqlNullComparisonInspection" enabled="false" level="WARNING" enabled_by_default="false" />
  <inspection_tool class="SqlRedundantAliasInspection" enabled="false" level="WARNING" enabled_by_default="false" />
  <inspection_tool class="SqlRedundantCodeInCoalesceInspection" enabled="false" level="WARNING" enabled_by_default="false" />
  <inspection_tool class="SqlRedundantElseNullInspection" enabled="false" level="WARNING" enabled_by_default="false" />
  <inspection_tool class="SqlRedundantLimitInspection" enabled="false" level="WARNING" enabled_by_default="false" />
  <inspection_tool class="SqlRedundantOrderingDirectionInspection" enabled="false" level="WARNING" enabled_by_default="false" />
  <inspection_tool class="SqlResolveInspection" enabled="false" level="ERROR" enabled_by_default="false" />
  <inspection_tool class="SqlShadowingAliasInspection" enabled="false" level="WARNING" enabled_by_default="false" />
  <inspection_tool class="SqlShouldBeInGroupByInspection" enabled="false" level="WARNING" enabled_by_default="false" />
  <inspection_tool class="SqlSideEffectsInspection" enabled="false" level="WARNING" enabled_by_default="false" />
  <inspection_tool class="SqlSignatureInspection" enabled="false" level="WARNING" enabled_by_default="false" />
  <inspection_tool class="SqlStorageInspection" enabled="false" level="WARNING" enabled_by_default="false" />
  <inspection_tool class="SqlStringLengthExceededInspection" enabled="false" level="WARNING" enabled_by_default="false" />
  <inspection_tool class="SqlTransactionStatementInTriggerInspection" enabled="false" level="WARNING" enabled_by_default="false" />
  <inspection_tool class="SqlTriggerTransitionInspection" enabled="false" level="WARNING" enabled_by_default="false" />
  <inspection_tool class="SqlTypeInspection" enabled="false" level="WARNING" enabled_by_default="false" />
  <inspection_tool class="SqlUnicodeStringLiteralInspection" enabled="false" level="WARNING" enabled_by_default="false" />
  <inspection_tool class="SqlUnreachableCodeInspection" enabled="false" level="WARNING" enabled_by_default="false" />
  <inspection_tool class="SqlUnusedCteInspection" enabled="false" level="WARNING" enabled_by_default="false" />
  <inspection_tool class="SqlUnusedSubqueryItemInspection" enabled="false" level="WARNING" enabled_by_default="false" />
  <inspection_tool class="SqlUnusedVariableInspection" enabled="false" level="WARNING" enabled_by_default="false" />
  <inspection_tool class="SqlWithoutWhereInspection" enabled="false" level="WARNING" enabled_by_default="false" />
  <inspection_tool class="StatementsPerFunctionJS" enabled="true" level="WARNING" enabled_by_default="true">
    <option name="m_limit" value="50" />
  </inspection_tool>
  <inspection_tool class="TaglibDomModelInspection" enabled="false" level="ERROR" enabled_by_default="false" />
  <inspection_tool class="TextLabelInSwitchStatementJS" enabled="true" level="WARNING" enabled_by_default="true" />
  <inspection_tool class="TrivialIfJS" enabled="true" level="WEAK WARNING" enabled_by_default="true" />
  <inspection_tool class="TypeCustomizer" enabled="false" level="WARNING" enabled_by_default="false" />
  <inspection_tool class="UnhandledExceptionInJSP" enabled="false" level="WARNING" enabled_by_default="false" />
  <inspection_tool class="UnnecessaryQualifiedReference" enabled="false" level="WARNING" enabled_by_default="false" />
  <inspection_tool class="UnresolvedReference" enabled="false" level="ERROR" enabled_by_default="false" />
  <inspection_tool class="UnusedImportStatement" enabled="false" level="WARNING" enabled_by_default="false" />
  <inspection_tool class="UnusedLocalization" enabled="false" level="WARNING" enabled_by_default="false" />
  <inspection_tool class="VulnerableLibrariesGlobal" enabled="false" level="WARNING" enabled_by_default="false" />
  <inspection_tool class="VulnerableLibrariesLocal" enabled="false" level="WARNING" enabled_by_default="false" />
  <inspection_tool class="W3CssValidation" enabled="true" level="WARNING" enabled_by_default="true">
    <option name="myCssVersion" value="css3svg" />
    <option name="myIgnoreVendorSpecificProperties" value="false" />
  </inspection_tool>
  <inspection_tool class="XmlDefaultAttributeValue" enabled="false" level="WARNING" enabled_by_default="false" />
  <inspection_tool class="XsltDeclarations" enabled="false" level="ERROR" enabled_by_default="false" />
  <inspection_tool class="XsltTemplateInvocation" enabled="false" level="ERROR" enabled_by_default="false" />
  <inspection_tool class="XsltUnusedDeclaration" enabled="false" level="WARNING" enabled_by_default="false" />
  <inspection_tool class="XsltVariableShadowing" enabled="false" level="WARNING" enabled_by_default="false" />
</profile>