<keymap version="1" name="macOS 2021" parent="Mac OS X 10.5+">
  <action id="$Cut">
    <keyboard-shortcut first-keystroke="meta x" />
  </action>
  <action id="$Redo">
    <keyboard-shortcut first-keystroke="shift meta z" />
  </action>
  <action id="ActivateCommitToolWindow">
    <keyboard-shortcut first-keystroke="meta 9" />
  </action>
  <action id="ActivateDebugToolWindow">
    <keyboard-shortcut first-keystroke="meta 8" />
  </action>
  <action id="ActivateFavoritesToolWindow">
    <keyboard-shortcut first-keystroke="meta 7" />
  </action>
  <action id="ActivateFindToolWindow">
    <keyboard-shortcut first-keystroke="meta 5" />
  </action>
  <action id="ActivateRunToolWindow">
    <keyboard-shortcut first-keystroke="meta 3" />
  </action>
  <action id="ActivateServicesToolWindow" />
  <action id="ActivateStructureToolWindow">
    <keyboard-shortcut first-keystroke="meta 2" />
  </action>
  <action id="ActivateTerminalToolWindow">
    <keyboard-shortcut first-keystroke="meta back_quote" />
  </action>
  <action id="ActivateVersionControlToolWindow">
    <keyboard-shortcut first-keystroke="meta 0" />
  </action>
  <action id="ActivatenpmToolWindow">
    <keyboard-shortcut first-keystroke="meta 4" />
  </action>
  <action id="Back">
    <mouse-shortcut keystroke="button4" />
  </action>
  <action id="CIDR.Lang.IntroduceDefine" />
  <action id="ChangeSignature">
    <keyboard-shortcut first-keystroke="meta alt 8" />
  </action>
  <action id="ChangesView.SetDefault" />
  <action id="ClassNameCompletion">
    <keyboard-shortcut first-keystroke="shift alt enter" />
  </action>
  <action id="CloseAllEditorsButActive">
    <keyboard-shortcut first-keystroke="shift meta w" />
  </action>
  <action id="CodeCompletion">
    <keyboard-shortcut first-keystroke="meta alt space" />
  </action>
  <action id="CodeGlance.toggle" />
  <action id="Console.TableResult.CompareCells" />
  <action id="Console.TableResult.SetDefault" />
  <action id="CopyElement" />
  <action id="Diff.ApplyLeftSide" />
  <action id="Diff.NextChange" />
  <action id="Diff.PrevChange" />
  <action id="Documentation.Forward">
    <mouse-shortcut keystroke="button5" />
  </action>
  <action id="DuplicatesForm.SendToRight" />
  <action id="EditorDeleteToLineEnd">
    <keyboard-shortcut first-keystroke="meta alt back_space" />
  </action>
  <action id="EditorDeleteToLineStart">
    <keyboard-shortcut first-keystroke="ctrl meta back_space" />
  </action>
  <action id="EditorDeleteToWordEnd">
    <keyboard-shortcut first-keystroke="alt back_space" />
  </action>
  <action id="EditorDeleteToWordStart">
    <keyboard-shortcut first-keystroke="ctrl back_space" />
  </action>
  <action id="EditorNextWord">
    <keyboard-shortcut first-keystroke="alt right" />
  </action>
  <action id="EditorNextWordWithSelection">
    <keyboard-shortcut first-keystroke="shift alt right" />
  </action>
  <action id="EditorPreviousWord">
    <keyboard-shortcut first-keystroke="alt left" />
  </action>
  <action id="EditorPreviousWordWithSelection">
    <keyboard-shortcut first-keystroke="shift alt left" />
  </action>
  <action id="EditorStartNewLineBefore" />
  <action id="ExternalSystem.ProjectRefreshAction">
    <keyboard-shortcut first-keystroke="shift meta p" />
  </action>
  <action id="FileChooser.GotoProject" />
  <action id="Forward">
    <mouse-shortcut keystroke="button5" />
  </action>
  <action id="Generate">
    <keyboard-shortcut first-keystroke="meta n" />
  </action>
  <action id="Hello World">
    <keyboard-shortcut first-keystroke="shift alt h" />
  </action>
  <action id="IntroduceParameter" />
  <action id="JumpToLastWindow" />
  <action id="MethodDown">
    <keyboard-shortcut first-keystroke="shift alt close_bracket" />
  </action>
  <action id="MethodUp">
    <keyboard-shortcut first-keystroke="shift alt open_bracket" />
  </action>
  <action id="Move">
    <keyboard-shortcut first-keystroke="meta alt 7" />
  </action>
  <action id="NewFile">
    <keyboard-shortcut first-keystroke="shift meta n" />
  </action>
  <action id="NewScratchFile" />
  <action id="NextEditorTab">
    <keyboard-shortcut first-keystroke="ctrl close_bracket" />
  </action>
  <action id="NextProjectWindow">
    <keyboard-shortcut first-keystroke="meta open_bracket" />
  </action>
  <action id="NextTab">
    <keyboard-shortcut first-keystroke="ctrl close_bracket" />
  </action>
  <action id="NextWindow">
    <keyboard-shortcut first-keystroke="ctrl down" />
  </action>
  <action id="OptimizeImports">
    <keyboard-shortcut first-keystroke="meta alt i" />
  </action>
  <action id="PreviousEditorTab">
    <keyboard-shortcut first-keystroke="ctrl open_bracket" />
  </action>
  <action id="PreviousProjectWindow">
    <keyboard-shortcut first-keystroke="meta close_bracket" />
  </action>
  <action id="PreviousTab">
    <keyboard-shortcut first-keystroke="ctrl open_bracket" />
  </action>
  <action id="PreviousWindow">
    <keyboard-shortcut first-keystroke="meta open_bracket" />
  </action>
  <action id="QuickActionPopup" />
  <action id="QuickImplementations">
    <keyboard-shortcut first-keystroke="meta y" />
  </action>
  <action id="ReactClassToFunctionComponentAction">
    <keyboard-shortcut first-keystroke="meta alt 0" />
  </action>
  <action id="ReactFunctionToClassComponentAction">
    <keyboard-shortcut first-keystroke="meta alt 9" />
  </action>
  <action id="Refactorings.QuickListPopupAction">
    <keyboard-shortcut first-keystroke="shift meta 1" />
  </action>
  <action id="ReformatWithPrettierAction">
    <keyboard-shortcut first-keystroke="meta alt p" />
  </action>
  <action id="RenameElement">
    <keyboard-shortcut first-keystroke="shift meta 2" />
  </action>
  <action id="Show Project Path">
    <keyboard-shortcut first-keystroke="shift alt p" />
  </action>
  <action id="ShowReformatFileDialog" />
  <action id="SmartTypeCompletion">
    <keyboard-shortcut first-keystroke="meta alt enter" />
  </action>
  <action id="SplitVertically">
    <keyboard-shortcut first-keystroke="meta alt right" />
  </action>
  <action id="Terminal.SmartCommandExecution.Debug" />
  <action id="Vcs.Log.ShowTooltip">
    <keyboard-shortcut first-keystroke="ctrl j" />
    <mouse-shortcut keystroke="control button2" />
  </action>
  <action id="Vcs.UpdateProject" />
  <action id="com.github.kawamataryo.copygitlink.CopyPermalink">
    <keyboard-shortcut first-keystroke="meta alt c" />
  </action>
  <action id="com.github.kawamataryo.copygitlink.CopyPermalinkAsMarkdown">
    <keyboard-shortcut first-keystroke="meta alt m" />
  </action>
  <action id="copilot.enableCopilot" />
</keymap>