<application>
  <component name="AdvancedSettings">
    <option name="settings">
      <map>
        <entry key="confirm.rerun.with.termination" value="false" />
        <entry key="documentation.components.enable.inline.code.highlighting" value="true" />
        <entry key="git.clone.recurse.submodules" value="false" />
        <entry key="ide.macos.disable.native.shortcut.symbols" value="true" />
        <entry key="localHistory.daysToKeep" value="100" />
        <entry key="searcheverywhere.ml.sort.files" value="true" />
        <entry key="show.diff.as.editor.tab" value="false" />
      </map>
    </option>
  </component>
</application>