<application>
  <component name="DuplicatesDetector">
    <entry key="JavaScript">
      <language>
        <option name="anonymizeFunctions" value="true" />
        <option name="anonymizeLiterals" value="true" />
      </language>
    </entry>
    <entry key="Kotlin">
      <language>
        <option name="enabledIndex" value="false" />
      </language>
    </entry>
    <entry key="Rust">
      <language>
        <option name="anonymizeFunctions" value="true" />
        <option name="anonymizeLiterals" value="true" />
      </language>
    </entry>
    <entry key="TypeScript">
      <language>
        <option name="anonymizeFunctions" value="true" />
        <option name="anonymizeLiterals" value="true" />
      </language>
    </entry>
  </component>
</application>