<application>
  <component name="DefaultFont">
    <option name="VERSION" value="1" />
    <option name="FONT_SIZE" value="16" />
    <option name="FONT_SIZE_2D" value="16.0" />
    <option name="FONT_FAMILY" value="MonoLisa" />
    <option name="FONT_REGULAR_SUB_FAMILY" value="Regular" />
    <option name="FONT_BOLD_SUB_FAMILY" value="Medium" />
    <option name="LINE_SPACING" value="1.0" />
    <option name="USE_LIGATURES" value="true" />
    <option name="SECONDARY_FONT_FAMILY" value="FiraCode Nerd Font Mono" />
  </component>
</application>