<application>
  <component name="FileTypeManager" version="18">
    <ignoreFiles list="*.min.js;*.pyc;*.pyo;*.rbc;*.yarb;*~;.DS_Store;.git;.hg;.svn;CVS;__pycache__;_svn;vssver.scc;vssver2.scc" />
    <extensionMap>
      <mapping pattern="web-tools" type="AUTO_DETECTED" />
      <mapping pattern="WebinarContext" type="AUTO_DETECTED" />
      <mapping pattern="DepartmentContext.tsx" type="AUTO_DETECTED" />
      <mapping pattern="xss" type="AUTO_DETECTED" />
      <mapping pattern="env" type="AUTO_DETECTED" />
      <mapping ext="wasm" type="AUTO_DETECTED" />
      <mapping ext="space.kts" type="Kotlin" />
      <mapping ext="gradle.kts" type="Kotlin" />
      <mapping ext="main.kts" type="Kotlin" />
      <mapping pattern=".prettierignore" type="PLAIN_TEXT" />
      <mapping pattern=".parcelrc" type="PLAIN_TEXT" />
      <mapping pattern=".cargo-ok" type="PLAIN_TEXT" />
      <mapping ext="back" type="PLAIN_TEXT" />
      <mapping ext="plantuml" type="PlantUML file" />
      <removed_mapping ext="apk" approved="true" type="ARCHIVE" />
      <removed_mapping ext="mjs" approved="true" type="JavaScript" />
      <removed_mapping ext="ng" approved="true" type="HTML" />
      <removed_mapping ext="psd" approved="true" type="Image" />
      <removed_mapping ext="qrc" approved="true" type="XML" />
      <removed_mapping ext="rs" approved="true" type="Android RenderScript" />
      <removed_mapping pattern=".analysis_options" approved="true" type="YAML" />
      <removed_mapping pattern=".prettierrc" approved="true" type="JSON" />
      <mapping ext="locationspattern" type="ktor locations pattern" />
    </extensionMap>
  </component>
</application>