<application>
  <component name="GitToolBoxAppSettings2">
    <option name="decorationParts">
      <list>
        <DecorationPartConfig>
          <option name="type" value="BRANCH" />
        </DecorationPartConfig>
        <DecorationPartConfig>
          <option name="type" value="STATUS" />
        </DecorationPartConfig>
        <DecorationPartConfig>
          <option name="prefix" value="/ " />
          <option name="type" value="CHANGED_COUNT" />
        </DecorationPartConfig>
      </list>
    </option>
  </component>
</application>