<application>
  <component name="GraziConfig">
    <option name="enabledLanguages">
      <set>
        <option value="English (US)" />
        <option value="Chinese" />
      </set>
    </option>
    <option name="checkingContext">
      <CheckingContext>
        <option name="disabledLanguages">
          <set>
            <option value="HTML" />
            <option value="JSON" />
            <option value="XML" />
          </set>
        </option>
        <option name="enabledLanguages">
          <set>
            <option value="JavaScript" />
            <option value="Rust" />
          </set>
        </option>
      </CheckingContext>
    </option>
  </component>
</application>