<application>
  <component name="IntentionManagerSettings">
    <ignoreAction name="XML/重新排列标记特性" />
    <ignoreAction name="XML/移除特性" />
    <ignoreAction name="XML/提取外部资源" />
    <ignoreAction name="XML/将特性转换为子标记" />
    <ignoreAction name="其他/从选区创建新的临时文件" />
    <ignoreAction name="Markdown/隐藏代码隔离中的错误" />
    <ignoreAction name="Flow JS/显式指定变量类型" />
    <ignoreAction name="JavaScript/ECMAScript 6/创建派生类/实现接口" />
    <ignoreAction name="Cucumber/将 Scenario 转换为 Outline" />
    <ignoreAction name="GitHub Copilot/Open GitHub Copilot" />
    <ignoreAction name="Groovy/Grab" />
    <ignoreAction name="Groovy/Groovy 样式/为方法声明中的所有形参添加显式类型" />
    <ignoreAction name="Groovy/Groovy 样式/将匿名类更改为动态实例化" />
    <ignoreAction name="Groovy/Groovy 样式/将方法或闭包参数转换为映射项" />
    <ignoreAction name="Groovy/Groovy 样式/将返回类型添加到方法声明" />
    <ignoreAction name="Groovy/Groovy 样式/格式化一行中的右大括号" />
    <ignoreAction name="Groovy/Groovy 样式/格式化单独的行中的大括号" />
    <ignoreAction name="Groovy/Groovy 样式/添加单成员静态导入" />
    <ignoreAction name="Groovy/Groovy 样式/添加按需静态导入" />
    <ignoreAction name="Groovy/Groovy 样式/移除不必要的 'return' 关键字" />
    <ignoreAction name="Groovy/Groovy 样式/移除冗余 .class" />
    <ignoreAction name="Groovy/其他/创建缺少的 'switch' 分支" />
    <ignoreAction name="Groovy/其他/别名导入静态导入的成员" />
    <ignoreAction name="Groovy/其他/将字符串串联文本复制到剪贴板" />
    <ignoreAction name="Groovy/其他/按字母顺序对映射项排序" />
    <ignoreAction name="Groovy/其他/添加 'value='" />
    <ignoreAction name="Groovy/声明/创建字段形参" />
    <ignoreAction name="Groovy/声明/声明显式类型" />
    <ignoreAction name="Groovy/声明/实现 abstract 类或接口" />
    <ignoreAction name="Groovy/声明/引入局部变量" />
    <ignoreAction name="Groovy/声明/移除显式类型声明" />
    <ignoreAction name="Groovy/声明/设为 'private'" />
    <ignoreAction name="Groovy/声明/设为 'protected'" />
    <ignoreAction name="Groovy/声明/设为 'public'" />
    <ignoreAction name="Groovy/控制流/为字段添加构造函数形参" />
    <ignoreAction name="Groovy/控制流/反转 'if' 条件" />
    <ignoreAction name="Groovy/控制流/合并 else if" />
    <ignoreAction name="Groovy/控制流/将 '?:' 替换为 if else" />
    <ignoreAction name="Groovy/控制流/将 if 语句替换为三元运算符" />
    <ignoreAction name="Groovy/控制流/将嵌套 if 合并为 and-ed 条件" />
    <ignoreAction name="Groovy/控制流/德摩根定律" />
    <ignoreAction name="Groovy/控制流/扩展布尔" />
    <ignoreAction name="Groovy/控制流/拆分 else if" />
    <ignoreAction name="Groovy/控制流/拆分成 2 条 'if' 语句" />
    <ignoreAction name="Groovy/控制流/求反比较" />
    <ignoreAction name="Groovy/控制流/移除冗余的 'else' 关键字" />
    <ignoreAction name="Groovy/控制流/简化条件表达式" />
    <ignoreAction name="Groovy/控制流/翻转 if 语句" />
    <ignoreAction name="Groovy/控制流/翻转合取操作数" />
    <ignoreAction name="Groovy/控制流/翻转条件" />
    <ignoreAction name="Groovy/控制流/翻转比较操作数" />
    <ignoreAction name="Groovy/注释/替换为 C 样式注释" />
    <ignoreAction name="Groovy/表达式转换/从方法调用中移除不必要的圆括号" />
    <ignoreAction name="Groovy/表达式转换/出现 '\n' 时断开字符串" />
    <ignoreAction name="Groovy/表达式转换/将 GString 转换为字符串" />
    <ignoreAction name="Groovy/表达式转换/将 Groovy 原生映射转换为类实例" />
    <ignoreAction name="Groovy/表达式转换/将 JUnit 断言转换为 assert 语句" />
    <ignoreAction name="Groovy/表达式转换/将 Java 样式数组创建转换为 Groovy 语法" />
    <ignoreAction name="Groovy/表达式转换/将 [] 形式转换为索引方法" />
    <ignoreAction name="Groovy/表达式转换/将多行字符串转换为单行" />
    <ignoreAction name="Groovy/表达式转换/将字符串串联转换为 GString" />
    <ignoreAction name="Groovy/表达式转换/将字符串文字转换为 $/ 字符串" />
    <ignoreAction name="Groovy/表达式转换/将字符串文字转换为正则表达式" />
    <ignoreAction name="Groovy/表达式转换/将属性转换为方法" />
    <ignoreAction name="Groovy/表达式转换/将文件重命名为相应的类名" />
    <ignoreAction name="Groovy/表达式转换/将文字转换为多行文字" />
    <ignoreAction name="Groovy/表达式转换/将方法转换为闭包类型的属性" />
    <ignoreAction name="Groovy/表达式转换/将简单的 getter 转换为属性" />
    <ignoreAction name="Groovy/表达式转换/将类移至单独的文件" />
    <ignoreAction name="Groovy/表达式转换/将类重命名为相应的文件名" />
    <ignoreAction name="Groovy/表达式转换/将索引方法转换为 [] 形式" />
    <ignoreAction name="Groovy/表达式转换/将转换表达式转换为安全的转换表达式" />
    <ignoreAction name="Groovy/表达式转换/拆分变量声明" />
    <ignoreAction name="Groovy/表达式转换/移除 GString 中不必要的大括号" />
    <ignoreAction name="Groovy/表达式转换/移除不必要转义字符" />
    <ignoreAction name="Groovy/表达式转换/转换为 @CompileStatic" />
    <ignoreAction name="Groovy/表达式转换/转换为 char" />
    <ignoreAction name="Groovy/表达式转换/转换为二进制" />
    <ignoreAction name="Groovy/表达式转换/转换为八进制" />
    <ignoreAction name="Groovy/表达式转换/转换为十六进制" />
    <ignoreAction name="Groovy/表达式转换/转换为十进制" />
    <ignoreAction name="Groovy/闭包/将 each 替换为 for-in" />
    <ignoreAction name="Groovy/闭包/将 for-in 替换为 each" />
    <ignoreAction name="Groovy/闭包/将闭包调用设为显式" />
    <ignoreAction name="Groovy/闭包/将闭包调用设为隐式" />
    <ignoreAction name="Velocity/在注释中定义 velocity.properties 文件引用" />
    <ignoreAction name="Velocity/在注释中定义宏库引用" />
    <ignoreAction name="Velocity/在注释中定义隐式变量" />
    <ignoreAction name="XSLT/内联 'xsl:attribute'" />
    <ignoreAction name="XSLT/将 'xsl:if' 转换为 'xsl:choose'" />
    <ignoreAction name="XSLT/替换为 'xsl:attribute'" />
    <ignoreAction name="XSLT/添加可选实参" />
  </component>
</application>