<application>
  <component name="NodeJsLocalInterpreterManager">
    <local-interpreter path="$USER_HOME$/Library/Caches/fnm_multishells/14293_1651054315232/bin/node">
      <version-cache version="16.15.0" last-modified="1651016399000" />
    </local-interpreter>
    <local-interpreter path="$USER_HOME$/Library/Caches/fnm_multishells/25362_1650358960614/bin/node">
      <version-cache version="16.15.0" last-modified="1651016399000" />
    </local-interpreter>
    <local-interpreter path="$USER_HOME$/Library/Caches/fnm_multishells/2705_1650251335512/bin/node">
      <version-cache version="16.15.0" last-modified="1651016399000" />
    </local-interpreter>
    <local-interpreter path="$USER_HOME$/Library/Caches/fnm_multishells/46528_1650939930895/bin/node">
      <version-cache version="16.15.0" last-modified="1651016399000" />
    </local-interpreter>
    <local-interpreter path="$USER_HOME$/Library/Caches/fnm_multishells/90611_1650344180344/bin/node">
      <version-cache version="16.15.0" last-modified="1651016399000" />
    </local-interpreter>
    <local-interpreter path="$USER_HOME$/Library/Caches/fnm_multishells/9720_1650353846918/bin/node">
      <version-cache version="16.15.0" last-modified="1651016399000" />
    </local-interpreter>
    <local-interpreter path="$USER_HOME$/Library/Caches/fnm_multishells/99757_1650348858222/bin/node">
      <version-cache version="16.15.0" last-modified="1651016399000" />
    </local-interpreter>
    <local-interpreter path="/usr/local/Cellar/node/18.0.0/bin/node">
      <version-cache version="18.0.0" last-modified="1650764882245" />
    </local-interpreter>
    <local-interpreter path="/usr/local/Cellar/node/17.9.0/bin/node">
      <version-cache last-modified="0" />
    </local-interpreter>
    <local-interpreter path="$USER_HOME$/Library/Caches/fnm_multishells/77745_1652103155668/bin/node">
      <version-cache version="16.15.0" last-modified="1651016399000" />
    </local-interpreter>
  </component>
</application>