<application>
  <component name="PostfixTemplatesSettings">
    <option name="providerToDisabledTemplates">
      <disabled-templates provider="builtin.js">
        <value>
          <set>
            <option value="com.intellij.lang.javascript.template.postfix.JSArgumentPostfixTemplate#.arg" />
            <option value="com.intellij.lang.javascript.template.postfix.JSDForOfPostfixTemplate#.dforof" />
            <option value="com.intellij.lang.javascript.template.postfix.JSDestructPostfixTemplate#.destruct" />
            <option value="com.intellij.lang.javascript.template.postfix.JSForInPostfixTemplate#.itin" />
            <option value="com.intellij.lang.javascript.template.postfix.JSIntroduceLetPostfixTemplate#.let" />
            <option value="com.intellij.lang.javascript.template.postfix.JSIntroduceVarPostfixTemplate#.var" />
            <option value="com.intellij.lang.javascript.template.postfix.JSParenthesizedPostfixTemplate#.par" />
          </set>
        </value>
      </disabled-templates>
      <disabled-templates provider="builtin.ts">
        <value>
          <set>
            <option value="com.intellij.lang.typescript.template.postfix.TypeScriptCastPostfixTemplate#.cast" />
          </set>
        </value>
      </disabled-templates>
    </option>
  </component>
</application>