<application>
  <component name="ProjectManager">
    <defaultProject>
      <component name="AutoImportSettings">
        <option name="autoReloadType" value="SELECTIVE" />
      </component>
      <component name="CamelCaseConfig">
        <option name="cb1State" value="false" />
        <option name="cb6State" value="false" />
        <option name="cb7State" value="false" />
        <option name="model">
          <array>
            <option value="SNAKE_CASE" />
            <option value="CamelCase" />
            <option value="camelCase" />
            <option value="snake_case" />
            <option value="kebab-case" />
            <option value="space case" />
            <option value="Camel Case" />
          </array>
        </option>
      </component>
      <component name="CodeInsightWorkspaceSettings">
        <option name="optimizeImportsOnTheFly" value="true" />
      </component>
      <component name="EslintConfiguration">
        <files-pattern value="{**/*,*}.{js,mjs,ts,jsx,tsx,html,vue,svelte}" />
        <option name="fix-on-save" value="true" />
      </component>
      <component name="Git.Settings">
        <option name="SAVE_CHANGES_POLICY" value="STASH" />
      </component>
      <component name="InspectionProjectProfileManager">
        <option name="PROJECT_PROFILE" value="Default" />
        <option name="USE_PROJECT_PROFILE" value="false" />
        <version value="1.0" />
      </component>
      <component name="JsBowerSettings">
        <bower-package value="" />
        <bower.json value="" />
      </component>
      <component name="KotlinCodeInsightWorkspaceSettings">
        <option name="optimizeImportsOnTheFly" value="true" />
      </component>
      <component name="MacroExpansionManager">
        <option name="directoryName" value="x7f4cdfe" />
      </component>
      <component name="MarkdownSettings">
        <enabledExtensions>
          <entry key="MermaidLanguageExtension" value="false" />
          <entry key="PlantUMLLanguageExtension" value="false" />
        </enabledExtensions>
        <option name="splitLayout" value="SHOW_PREVIEW" />
      </component>
      <component name="MarkdownSettingsMigration">
        <option name="stateVersion" value="1" />
      </component>
      <component name="NxDevToolsSettings">
        <node-interpreter value="project" />
        <nx-package value="" />
        <nx.json value="" />
      </component>
      <component name="PrettierConfiguration">
        <option name="myRunOnReformat" value="true" />
        <option name="myFilesPattern" value="{**/*,*}.{js,mjs,cjs,ts,jsx,tsx,svelte,vue}" />
      </component>
      <component name="ProjectDictionaryState">
        <dictionary name="guobin" />
      </component>
      <component name="ProjectInspectionProfilesVisibleTreeState">
        <entry key="Project Default">
          <profile-state>
            <expanded-state>
              <State />
            </expanded-state>
            <selected-state>
              <State>
                <id>XML</id>
              </State>
            </selected-state>
          </profile-state>
        </entry>
      </component>
      <component name="ProjectLevelVcsManager">
        <ConfirmationsSetting value="2" id="Add" />
        <ConfirmationsSetting value="2" id="Remove" />
      </component>
      <component name="ProjectView">
        <navigator proportions="" version="1" />
        <panes />
      </component>
      <component name="ProjectViewState">
        <option name="autoscrollFromSource" value="true" />
        <option name="autoscrollToSource" value="true" />
        <option name="hideEmptyMiddlePackages" value="true" />
        <option name="showExcludedFiles" value="false" />
        <option name="showLibraryContents" value="true" />
      </component>
      <component name="PropertiesComponent"><![CDATA[{
  "keyToString": {
    "node.js.selected.package.eslint": "(autodetect)",
    "node.js.selected.package.standard": "",
    "node.js.selected.package.stylelint": "",
    "nodejs_interpreter_path": "node",
    "project.structure.last.edited": "SDK 位置",
    "project.structure.proportion": "0.17",
    "project.structure.side.proportion": "0.0",
    "settings.editor.selected.configurable": "reference.settingsdialog.IDE.editor.colors",
    "typescript.add.unambiguous.imports.on.the.fly": "true"
  }
}]]></component>
      <component name="RustProjectSettings">
        <option name="runExternalLinterOnTheFly" value="true" />
        <option name="toolchainHomeDirectory" value="$USER_HOME$/.cargo/bin" />
        <option name="version" value="2" />
      </component>
      <component name="RustfmtProjectSettings">
        <option name="runRustfmtOnSave" value="true" />
        <option name="useRustfmt" value="true" />
      </component>
      <component name="SshConsoleOptionsProvider">
        <option name="myEncoding" value="UTF-8" />
        <option name="myConnectionType" value="NONE" />
        <option name="myConnectionId" value="" />
      </component>
      <component name="TypeScriptCompiler">
        <option name="showAllErrors" value="false" />
      </component>
      <component name="VagrantProjectSettings">
        <option name="instanceFolder" value="" />
        <option name="provider" value="" />
      </component>
      <component name="VcsManagerConfiguration">
        <option name="CHECK_CODE_SMELLS_BEFORE_PROJECT_COMMIT" value="false" />
        <option name="ADD_EXTERNAL_FILES_SILENTLY" value="true" />
      </component>
      <component name="masterDetails">
        <states>
          <state key="GlobalLibrariesConfigurable.UI" />
          <state key="JdkListConfigurable.UI" />
          <state key="ProjectLibrariesConfigurable.UI" />
          <state key="ScopeChooserConfigurable.UI">
            <settings>
              <splitter-proportions>
                <option name="proportions">
                  <list>
                    <option value="0.2" />
                  </list>
                </option>
              </splitter-proportions>
            </settings>
          </state>
        </states>
      </component>
    </defaultProject>
  </component>
</application>