<application>
  <component name="TemplateSettings">
    <option name="deletedKeys">
      <list>
        <TemplateKey>
          <option name="groupName" value="HTML/XML" />
          <option name="key" value="T" />
        </TemplateKey>
        <TemplateKey>
          <option name="groupName" value="HTML/XML" />
          <option name="key" value="CD" />
        </TemplateKey>
        <TemplateKey>
          <option name="groupName" value="Zen XSL" />
          <option name="key" value="tmatch" />
        </TemplateKey>
        <TemplateKey>
          <option name="groupName" value="Zen XSL" />
          <option name="key" value="tm" />
        </TemplateKey>
        <TemplateKey>
          <option name="groupName" value="Zen XSL" />
          <option name="key" value="par" />
        </TemplateKey>
        <TemplateKey>
          <option name="groupName" value="Zen XSL" />
          <option name="key" value="pare" />
        </TemplateKey>
        <TemplateKey>
          <option name="groupName" value="Zen XSL" />
          <option name="key" value="co" />
        </TemplateKey>
        <TemplateKey>
          <option name="groupName" value="Zen XSL" />
          <option name="key" value="attr" />
        </TemplateKey>
        <TemplateKey>
          <option name="groupName" value="Zen XSL" />
          <option name="key" value="val" />
        </TemplateKey>
        <TemplateKey>
          <option name="groupName" value="Zen XSL" />
          <option name="key" value="xsl:when" />
        </TemplateKey>
        <TemplateKey>
          <option name="groupName" value="Zen XSL" />
          <option name="key" value="each" />
        </TemplateKey>
        <TemplateKey>
          <option name="groupName" value="Zen XSL" />
          <option name="key" value="var" />
        </TemplateKey>
        <TemplateKey>
          <option name="groupName" value="Zen XSL" />
          <option name="key" value="wh" />
        </TemplateKey>
        <TemplateKey>
          <option name="groupName" value="Zen XSL" />
          <option name="key" value="ap" />
        </TemplateKey>
        <TemplateKey>
          <option name="groupName" value="Zen XSL" />
          <option name="key" value="call" />
        </TemplateKey>
        <TemplateKey>
          <option name="groupName" value="Zen XSL" />
          <option name="key" value="ch" />
        </TemplateKey>
        <TemplateKey>
          <option name="groupName" value="Zen XSL" />
          <option name="key" value="choose" />
        </TemplateKey>
        <TemplateKey>
          <option name="groupName" value="Zen XSL" />
          <option name="key" value="vare" />
        </TemplateKey>
        <TemplateKey>
          <option name="groupName" value="Zen XSL" />
          <option name="key" value="tname" />
        </TemplateKey>
        <TemplateKey>
          <option name="groupName" value="Zen XSL" />
          <option name="key" value="tn" />
        </TemplateKey>
        <TemplateKey>
          <option name="groupName" value="Zen XSL" />
          <option name="key" value="if" />
        </TemplateKey>
        <TemplateKey>
          <option name="groupName" value="Zen XSL" />
          <option name="key" value="sort" />
        </TemplateKey>
        <TemplateKey>
          <option name="groupName" value="Zen XSL" />
          <option name="key" value="proc" />
        </TemplateKey>
        <TemplateKey>
          <option name="groupName" value="Zen XSL" />
          <option name="key" value="for" />
        </TemplateKey>
        <TemplateKey>
          <option name="groupName" value="Zen XSL" />
          <option name="key" value="strip" />
        </TemplateKey>
        <TemplateKey>
          <option name="groupName" value="Zen XSL" />
          <option name="key" value="pres" />
        </TemplateKey>
        <TemplateKey>
          <option name="groupName" value="Zen XSL" />
          <option name="key" value="nam" />
        </TemplateKey>
        <TemplateKey>
          <option name="groupName" value="Zen XSL" />
          <option name="key" value="num" />
        </TemplateKey>
        <TemplateKey>
          <option name="groupName" value="Zen XSL" />
          <option name="key" value="fall" />
        </TemplateKey>
        <TemplateKey>
          <option name="groupName" value="Zen XSL" />
          <option name="key" value="msg" />
        </TemplateKey>
        <TemplateKey>
          <option name="groupName" value="Zen XSL" />
          <option name="key" value="com" />
        </TemplateKey>
        <TemplateKey>
          <option name="groupName" value="Zen XSL" />
          <option name="key" value="ot" />
        </TemplateKey>
        <TemplateKey>
          <option name="groupName" value="Zen XSL" />
          <option name="key" value="tex" />
        </TemplateKey>
        <TemplateKey>
          <option name="groupName" value="Zen XSL" />
          <option name="key" value="api" />
        </TemplateKey>
        <TemplateKey>
          <option name="groupName" value="Zen XSL" />
          <option name="key" value="cp" />
        </TemplateKey>
        <TemplateKey>
          <option name="groupName" value="Zen XSL" />
          <option name="key" value="attrs" />
        </TemplateKey>
        <TemplateKey>
          <option name="groupName" value="Zen XSL" />
          <option name="key" value="elem" />
        </TemplateKey>
        <TemplateKey>
          <option name="groupName" value="Zen XSL" />
          <option name="key" value="inc" />
        </TemplateKey>
        <TemplateKey>
          <option name="groupName" value="Zen XSL" />
          <option name="key" value="imp" />
        </TemplateKey>
        <TemplateKey>
          <option name="groupName" value="Zen XSL" />
          <option name="key" value="xsl" />
        </TemplateKey>
        <TemplateKey>
          <option name="groupName" value="Zen XSL" />
          <option name="key" value="key" />
        </TemplateKey>
        <TemplateKey>
          <option name="groupName" value="Zen XSL" />
          <option name="key" value="!!!" />
        </TemplateKey>
        <TemplateKey>
          <option name="groupName" value="Shell Script Hidden" />
          <option name="key" value="shell_if" />
        </TemplateKey>
        <TemplateKey>
          <option name="groupName" value="Shell Script Hidden" />
          <option name="key" value="shell_elif" />
        </TemplateKey>
        <TemplateKey>
          <option name="groupName" value="Shell Script Hidden" />
          <option name="key" value="shell_select" />
        </TemplateKey>
        <TemplateKey>
          <option name="groupName" value="Shell Script Hidden" />
          <option name="key" value="shell_case" />
        </TemplateKey>
        <TemplateKey>
          <option name="groupName" value="Shell Script Hidden" />
          <option name="key" value="shell_for" />
        </TemplateKey>
        <TemplateKey>
          <option name="groupName" value="Shell Script Hidden" />
          <option name="key" value="shell_while" />
        </TemplateKey>
        <TemplateKey>
          <option name="groupName" value="Shell Script Hidden" />
          <option name="key" value="shell_until" />
        </TemplateKey>
        <TemplateKey>
          <option name="groupName" value="Shell Script Hidden" />
          <option name="key" value="shell_function" />
        </TemplateKey>
        <TemplateKey>
          <option name="groupName" value="Shell Script Hidden" />
          <option name="key" value="shell_string equal" />
        </TemplateKey>
        <TemplateKey>
          <option name="groupName" value="Shell Script Hidden" />
          <option name="key" value="shell_string not equal" />
        </TemplateKey>
        <TemplateKey>
          <option name="groupName" value="Shell Script Hidden" />
          <option name="key" value="shell_string is empty" />
        </TemplateKey>
        <TemplateKey>
          <option name="groupName" value="Shell Script Hidden" />
          <option name="key" value="shell_string not empty" />
        </TemplateKey>
        <TemplateKey>
          <option name="groupName" value="Shell Script Hidden" />
          <option name="key" value="shell_number equal" />
        </TemplateKey>
        <TemplateKey>
          <option name="groupName" value="Shell Script Hidden" />
          <option name="key" value="shell_number not equal" />
        </TemplateKey>
        <TemplateKey>
          <option name="groupName" value="Shell Script Hidden" />
          <option name="key" value="shell_number less" />
        </TemplateKey>
        <TemplateKey>
          <option name="groupName" value="Shell Script Hidden" />
          <option name="key" value="shell_number less or equal" />
        </TemplateKey>
        <TemplateKey>
          <option name="groupName" value="Shell Script Hidden" />
          <option name="key" value="shell_number greater" />
        </TemplateKey>
        <TemplateKey>
          <option name="groupName" value="Shell Script Hidden" />
          <option name="key" value="shell_number greater or equal" />
        </TemplateKey>
        <TemplateKey>
          <option name="groupName" value="Shell Script Hidden" />
          <option name="key" value="shell_file exists" />
        </TemplateKey>
        <TemplateKey>
          <option name="groupName" value="Shell Script Hidden" />
          <option name="key" value="shell_file not empty" />
        </TemplateKey>
        <TemplateKey>
          <option name="groupName" value="Shell Script Hidden" />
          <option name="key" value="shell_file readable" />
        </TemplateKey>
        <TemplateKey>
          <option name="groupName" value="Shell Script Hidden" />
          <option name="key" value="shell_file writable" />
        </TemplateKey>
        <TemplateKey>
          <option name="groupName" value="Shell Script Hidden" />
          <option name="key" value="shell_file executable" />
        </TemplateKey>
        <TemplateKey>
          <option name="groupName" value="Shell Script Hidden" />
          <option name="key" value="shell_file equals" />
        </TemplateKey>
        <TemplateKey>
          <option name="groupName" value="Shell Script Hidden" />
          <option name="key" value="shell_file newer" />
        </TemplateKey>
        <TemplateKey>
          <option name="groupName" value="Shell Script Hidden" />
          <option name="key" value="shell_file older" />
        </TemplateKey>
        <TemplateKey>
          <option name="groupName" value="Shell Script Hidden" />
          <option name="key" value="shell_path exists" />
        </TemplateKey>
        <TemplateKey>
          <option name="groupName" value="Shell Script Hidden" />
          <option name="key" value="shell_directory exists" />
        </TemplateKey>
        <TemplateKey>
          <option name="groupName" value="Shell Script Hidden" />
          <option name="key" value="shell_command exists" />
        </TemplateKey>
        <TemplateKey>
          <option name="groupName" value="xsl" />
          <option name="key" value="ai" />
        </TemplateKey>
        <TemplateKey>
          <option name="groupName" value="xsl" />
          <option name="key" value="an" />
        </TemplateKey>
        <TemplateKey>
          <option name="groupName" value="xsl" />
          <option name="key" value="ats" />
        </TemplateKey>
        <TemplateKey>
          <option name="groupName" value="xsl" />
          <option name="key" value="atsm" />
        </TemplateKey>
        <TemplateKey>
          <option name="groupName" value="xsl" />
          <option name="key" value="cos" />
        </TemplateKey>
        <TemplateKey>
          <option name="groupName" value="xsl" />
          <option name="key" value="ctn" />
        </TemplateKey>
        <TemplateKey>
          <option name="groupName" value="xsl" />
          <option name="key" value="ctnwp" />
        </TemplateKey>
        <TemplateKey>
          <option name="groupName" value="xsl" />
          <option name="key" value="cwt" />
        </TemplateKey>
        <TemplateKey>
          <option name="groupName" value="xsl" />
          <option name="key" value="cwto" />
        </TemplateKey>
        <TemplateKey>
          <option name="groupName" value="xsl" />
          <option name="key" value="fe" />
        </TemplateKey>
        <TemplateKey>
          <option name="groupName" value="xsl" />
          <option name="key" value="it" />
        </TemplateKey>
        <TemplateKey>
          <option name="groupName" value="xsl" />
          <option name="key" value="kn" />
        </TemplateKey>
        <TemplateKey>
          <option name="groupName" value="xsl" />
          <option name="key" value="o" />
        </TemplateKey>
        <TemplateKey>
          <option name="groupName" value="xsl" />
          <option name="key" value="pn" />
        </TemplateKey>
        <TemplateKey>
          <option name="groupName" value="xsl" />
          <option name="key" value="tm" />
        </TemplateKey>
        <TemplateKey>
          <option name="groupName" value="xsl" />
          <option name="key" value="tmm" />
        </TemplateKey>
        <TemplateKey>
          <option name="groupName" value="xsl" />
          <option name="key" value="tn" />
        </TemplateKey>
        <TemplateKey>
          <option name="groupName" value="xsl" />
          <option name="key" value="tt" />
        </TemplateKey>
        <TemplateKey>
          <option name="groupName" value="xsl" />
          <option name="key" value="vn" />
        </TemplateKey>
        <TemplateKey>
          <option name="groupName" value="xsl" />
          <option name="key" value="vns" />
        </TemplateKey>
        <TemplateKey>
          <option name="groupName" value="xsl" />
          <option name="key" value="vos" />
        </TemplateKey>
        <TemplateKey>
          <option name="groupName" value="xsl" />
          <option name="key" value="wp" />
        </TemplateKey>
        <TemplateKey>
          <option name="groupName" value="xsl" />
          <option name="key" value="wpn" />
        </TemplateKey>
        <TemplateKey>
          <option name="groupName" value="xsl" />
          <option name="key" value="wt" />
        </TemplateKey>
        <TemplateKey>
          <option name="groupName" value="React" />
          <option name="key" value="bnd" />
        </TemplateKey>
        <TemplateKey>
          <option name="groupName" value="React" />
          <option name="key" value="props" />
        </TemplateKey>
        <TemplateKey>
          <option name="groupName" value="React" />
          <option name="key" value="ren" />
        </TemplateKey>
        <TemplateKey>
          <option name="groupName" value="React" />
          <option name="key" value="ssf" />
        </TemplateKey>
        <TemplateKey>
          <option name="groupName" value="React" />
          <option name="key" value="sst" />
        </TemplateKey>
        <TemplateKey>
          <option name="groupName" value="React" />
          <option name="key" value="state" />
        </TemplateKey>
        <TemplateKey>
          <option name="groupName" value="React" />
          <option name="key" value="rdp" />
        </TemplateKey>
        <TemplateKey>
          <option name="groupName" value="React" />
          <option name="key" value="disp" />
        </TemplateKey>
        <TemplateKey>
          <option name="groupName" value="React" />
          <option name="key" value="est" />
        </TemplateKey>
        <TemplateKey>
          <option name="groupName" value="React" />
          <option name="key" value="fcc" />
        </TemplateKey>
        <TemplateKey>
          <option name="groupName" value="React" />
          <option name="key" value="fsc" />
        </TemplateKey>
        <TemplateKey>
          <option name="groupName" value="React" />
          <option name="key" value="fsf" />
        </TemplateKey>
        <TemplateKey>
          <option name="groupName" value="React" />
          <option name="key" value="pta" />
        </TemplateKey>
        <TemplateKey>
          <option name="groupName" value="React" />
          <option name="key" value="ptao" />
        </TemplateKey>
        <TemplateKey>
          <option name="groupName" value="React" />
          <option name="key" value="ptaor" />
        </TemplateKey>
        <TemplateKey>
          <option name="groupName" value="React" />
          <option name="key" value="ptar" />
        </TemplateKey>
        <TemplateKey>
          <option name="groupName" value="React" />
          <option name="key" value="ptb" />
        </TemplateKey>
        <TemplateKey>
          <option name="groupName" value="React" />
          <option name="key" value="ptbr" />
        </TemplateKey>
        <TemplateKey>
          <option name="groupName" value="React" />
          <option name="key" value="ptel" />
        </TemplateKey>
        <TemplateKey>
          <option name="groupName" value="React" />
          <option name="key" value="ptelr" />
        </TemplateKey>
        <TemplateKey>
          <option name="groupName" value="React" />
          <option name="key" value="pte" />
        </TemplateKey>
        <TemplateKey>
          <option name="groupName" value="React" />
          <option name="key" value="pter" />
        </TemplateKey>
        <TemplateKey>
          <option name="groupName" value="React" />
          <option name="key" value="ptf" />
        </TemplateKey>
        <TemplateKey>
          <option name="groupName" value="React" />
          <option name="key" value="ptfr" />
        </TemplateKey>
        <TemplateKey>
          <option name="groupName" value="React" />
          <option name="key" value="pti" />
        </TemplateKey>
        <TemplateKey>
          <option name="groupName" value="React" />
          <option name="key" value="ptir" />
        </TemplateKey>
        <TemplateKey>
          <option name="groupName" value="React" />
          <option name="key" value="ptnd" />
        </TemplateKey>
        <TemplateKey>
          <option name="groupName" value="React" />
          <option name="key" value="ptndr" />
        </TemplateKey>
        <TemplateKey>
          <option name="groupName" value="React" />
          <option name="key" value="ptn" />
        </TemplateKey>
        <TemplateKey>
          <option name="groupName" value="React" />
          <option name="key" value="ptnr" />
        </TemplateKey>
        <TemplateKey>
          <option name="groupName" value="React" />
          <option name="key" value="pto" />
        </TemplateKey>
        <TemplateKey>
          <option name="groupName" value="React" />
          <option name="key" value="ptoo" />
        </TemplateKey>
        <TemplateKey>
          <option name="groupName" value="React" />
          <option name="key" value="ptoor" />
        </TemplateKey>
        <TemplateKey>
          <option name="groupName" value="React" />
          <option name="key" value="ptoos" />
        </TemplateKey>
        <TemplateKey>
          <option name="groupName" value="React" />
          <option name="key" value="ptoosr" />
        </TemplateKey>
        <TemplateKey>
          <option name="groupName" value="React" />
          <option name="key" value="ptor" />
        </TemplateKey>
        <TemplateKey>
          <option name="groupName" value="React" />
          <option name="key" value="ptet" />
        </TemplateKey>
        <TemplateKey>
          <option name="groupName" value="React" />
          <option name="key" value="ptetr" />
        </TemplateKey>
        <TemplateKey>
          <option name="groupName" value="React" />
          <option name="key" value="ptsh" />
        </TemplateKey>
        <TemplateKey>
          <option name="groupName" value="React" />
          <option name="key" value="ptshr" />
        </TemplateKey>
        <TemplateKey>
          <option name="groupName" value="React" />
          <option name="key" value="pts" />
        </TemplateKey>
        <TemplateKey>
          <option name="groupName" value="React" />
          <option name="key" value="ptsr" />
        </TemplateKey>
        <TemplateKey>
          <option name="groupName" value="React" />
          <option name="key" value="rpt" />
        </TemplateKey>
        <TemplateKey>
          <option name="groupName" value="React" />
          <option name="key" value="rcjc" />
        </TemplateKey>
        <TemplateKey>
          <option name="groupName" value="React" />
          <option name="key" value="rsc" />
        </TemplateKey>
        <TemplateKey>
          <option name="groupName" value="React" />
          <option name="key" value="rsf" />
        </TemplateKey>
        <TemplateKey>
          <option name="groupName" value="React" />
          <option name="key" value="rsfp" />
        </TemplateKey>
        <TemplateKey>
          <option name="groupName" value="React" />
          <option name="key" value="rsi" />
        </TemplateKey>
        <TemplateKey>
          <option name="groupName" value="React" />
          <option name="key" value="rscp" />
        </TemplateKey>
        <TemplateKey>
          <option name="groupName" value="React" />
          <option name="key" value="rwwd" />
        </TemplateKey>
        <TemplateKey>
          <option name="groupName" value="Meteor HTML" />
          <option name="key" value="temp:name" />
        </TemplateKey>
        <TemplateKey>
          <option name="groupName" value="AngularJS" />
          <option name="key" value="ngdcf" />
        </TemplateKey>
        <TemplateKey>
          <option name="groupName" value="AngularJS" />
          <option name="key" value="ngdlf" />
        </TemplateKey>
        <TemplateKey>
          <option name="groupName" value="AngularJS" />
          <option name="key" value="ngdc" />
        </TemplateKey>
        <TemplateKey>
          <option name="groupName" value="AngularJS" />
          <option name="key" value="ngdl" />
        </TemplateKey>
        <TemplateKey>
          <option name="groupName" value="AngularJS" />
          <option name="key" value="ngc" />
        </TemplateKey>
        <TemplateKey>
          <option name="groupName" value="AngularJS" />
          <option name="key" value="ngfor" />
        </TemplateKey>
        <TemplateKey>
          <option name="groupName" value="AngularJS" />
          <option name="key" value="ngindex" />
        </TemplateKey>
        <TemplateKey>
          <option name="groupName" value="AngularJS" />
          <option name="key" value="ngsa" />
        </TemplateKey>
        <TemplateKey>
          <option name="groupName" value="AngularJS" />
          <option name="key" value="ngst" />
        </TemplateKey>
        <TemplateKey>
          <option name="groupName" value="AngularJS" />
          <option name="key" value="ngb" />
        </TemplateKey>
        <TemplateKey>
          <option name="groupName" value="AngularJS" />
          <option name="key" value="ngm" />
        </TemplateKey>
        <TemplateKey>
          <option name="groupName" value="AngularJS" />
          <option name="key" value="ngma" />
        </TemplateKey>
        <TemplateKey>
          <option name="groupName" value="AngularJS" />
          <option name="key" value="ngmc" />
        </TemplateKey>
        <TemplateKey>
          <option name="groupName" value="AngularJS" />
          <option name="key" value="ngmfa" />
        </TemplateKey>
        <TemplateKey>
          <option name="groupName" value="AngularJS" />
          <option name="key" value="ngms" />
        </TemplateKey>
        <TemplateKey>
          <option name="groupName" value="AngularJS" />
          <option name="key" value="ngmfi" />
        </TemplateKey>
        <TemplateKey>
          <option name="groupName" value="AngularJS" />
          <option name="key" value="ngrw" />
        </TemplateKey>
        <TemplateKey>
          <option name="groupName" value="AngularJS" />
          <option name="key" value="ngrwr" />
        </TemplateKey>
        <TemplateKey>
          <option name="groupName" value="AngularJS" />
          <option name="key" value="ngro" />
        </TemplateKey>
        <TemplateKey>
          <option name="groupName" value="AngularJS" />
          <option name="key" value="$f" />
        </TemplateKey>
        <TemplateKey>
          <option name="groupName" value="AngularJS" />
          <option name="key" value="$v" />
        </TemplateKey>
        <TemplateKey>
          <option name="groupName" value="AngularJS" />
          <option name="key" value="$va" />
        </TemplateKey>
        <TemplateKey>
          <option name="groupName" value="AngularJS" />
          <option name="key" value="$w" />
        </TemplateKey>
        <TemplateKey>
          <option name="groupName" value="AngularJS" />
          <option name="key" value="$on" />
        </TemplateKey>
        <TemplateKey>
          <option name="groupName" value="AngularJS" />
          <option name="key" value="$b" />
        </TemplateKey>
        <TemplateKey>
          <option name="groupName" value="AngularJS" />
          <option name="key" value="$e" />
        </TemplateKey>
      </list>
    </option>
  </component>
</application>