<application>
  <component name="UISettings">
    <option name="compactTreeIndents" value="true" />
    <option name="HIDE_KNOWN_EXTENSION_IN_TABS" value="true" />
    <option name="OPEN_IN_PREVIEW_TAB_IF_POSSIBLE" value="true" />
    <option name="OVERRIDE_NONIDEA_LAF_FONTS" value="true" />
    <option name="PRESENTATION_MODE_FONT_SIZE" value="28" />
    <option name="SHOW_NAVIGATION_BAR_MEMBERS" value="false" />
    <option name="SHOW_NAVIGATION_BAR" value="false" />
    <option name="SHOW_STATUS_BAR" value="false" />
    <option name="SORT_LOOKUP_ELEMENTS_LEXICOGRAPHICALLY" value="true" />
  </component>
</application>